"","Name","n","mean","sd","median","trimmed","mad","min","max","range","skew","kurtosis","se"
"1","Mike Marjama",3000,-0.201,0.572,-0.228,-0.218,0.533,-2.063,2.277,4.34,0.314,0.261,0.01
"2","Mike Gerber",3000,-0.389,0.665,-0.417,-0.407,0.648,-2.505,2.575,5.079,0.288,0.304,0.012
"3","Ryan LaMarre",3000,-0.651,0.294,-0.665,-0.658,0.294,-1.474,0.835,2.309,0.285,0.172,0.005
"4","Austin Romine",3000,-0.942,0.496,-0.958,-0.955,0.494,-2.413,0.987,3.401,0.283,0.164,0.009
"5","Carson Kelly",3000,-0.692,0.471,-0.713,-0.704,0.472,-2.639,1.266,3.905,0.278,0.297,0.009
"6","Brandon Barnes",3000,-0.753,0.548,-0.778,-0.765,0.544,-2.372,1.591,3.963,0.275,0.298,0.01
"7","Dustin Fowler",3000,-0.375,0.209,-0.385,-0.38,0.211,-1.062,0.546,1.609,0.271,0.136,0.004
"8","Juan Centeno",3000,-0.929,0.552,-0.941,-0.941,0.534,-2.624,1.536,4.16,0.265,0.26,0.01
"9","Greg Allen",3000,-0.865,0.57,-0.891,-0.879,0.559,-2.529,1.56,4.089,0.259,0.16,0.01
"10","Gordon Beckham",3000,-0.576,0.499,-0.596,-0.589,0.491,-1.961,1.175,3.136,0.259,-0.007,0.009
"11","Mitch Walding",3000,-0.278,0.694,-0.297,-0.295,0.705,-2.246,2.274,4.519,0.25,0.049,0.013
"12","Elias Diaz",3000,-1.002,0.398,-1.021,-1.012,0.392,-2.194,0.462,2.656,0.249,0.024,0.007
"13","Jack Reinheimer",3000,-0.524,0.356,-0.545,-0.533,0.354,-1.576,0.957,2.534,0.248,0.054,0.006
"14","Peter O'Brien",3000,0.215,0.851,0.178,0.195,0.835,-2.926,3.781,6.708,0.247,0.307,0.016
"15","Jake Smolinski",3000,-0.619,0.601,-0.642,-0.632,0.599,-2.525,1.593,4.118,0.246,0.116,0.011
"16","Caleb Joseph",3000,-1.033,0.672,-1.055,-1.048,0.673,-2.946,1.844,4.79,0.245,0.063,0.012
"17","Eddie Rosario",3000,-0.193,0.963,-0.248,-0.217,0.985,-3.084,3.774,6.858,0.243,0.001,0.018
"18","Brian Anderson",3000,-0.446,0.575,-0.472,-0.459,0.582,-2.292,1.815,4.106,0.243,0.062,0.011
"19","Yoan Moncada",3000,-0.644,0.621,-0.669,-0.658,0.619,-2.741,2.14,4.882,0.241,0.115,0.011
"20","Colin Moran",3000,-0.354,0.667,-0.369,-0.37,0.675,-2.779,2.476,5.255,0.24,0.138,0.012
"21","Max Moroff",3000,-0.87,0.426,-0.886,-0.879,0.432,-2.212,1.088,3.3,0.24,0.202,0.008
"22","Dan Vogelbach",3000,-0.635,0.482,-0.654,-0.645,0.479,-2.266,1.79,4.056,0.239,0.148,0.009
"23","Magneuris Sierra",3000,-0.42,0.551,-0.441,-0.432,0.543,-2.014,1.727,3.741,0.236,0.025,0.01
"24","Willy Adames",3000,-0.348,0.656,-0.367,-0.362,0.645,-2.553,2.166,4.719,0.234,0.209,0.012
"25","Tommy Pham",3000,2.026,1.221,1.989,2.003,1.209,-1.614,8.6,10.214,0.232,0.224,0.022
"26","Trayce Thompson",3000,-0.5,0.589,-0.518,-0.512,0.601,-2.212,1.685,3.897,0.232,0.018,0.011
"27","Bryan Holaday",3000,-0.515,0.506,-0.535,-0.527,0.508,-2.212,1.399,3.611,0.231,-0.009,0.009
"28","Braxton Lee",3000,-0.212,0.674,-0.242,-0.225,0.656,-2.116,2.809,4.924,0.231,0.234,0.012
"29","Anthony Alford",3000,-0.674,0.389,-0.691,-0.683,0.388,-1.826,0.756,2.582,0.229,-0.05,0.007
"30","Mike Tauchman",3000,-0.8,0.517,-0.813,-0.811,0.529,-2.413,1.529,3.942,0.226,0.047,0.009
"31","Teoscar Hernandez",3000,-0.35,0.733,-0.368,-0.366,0.727,-2.894,2.446,5.34,0.221,0.168,0.013
"32","Kevin Plawecki",3000,-0.653,0.607,-0.668,-0.665,0.608,-2.72,1.787,4.507,0.221,0.18,0.011
"33","Niko Goodrum",3000,-0.644,0.434,-0.649,-0.652,0.428,-2.015,1.312,3.327,0.217,0.164,0.008
"34","Carlos Asuaje",3000,-0.76,0.684,-0.776,-0.775,0.67,-3.18,1.992,5.173,0.217,0.107,0.012
"35","Danny Jansen",3000,-0.389,0.665,-0.415,-0.4,0.654,-2.519,2.39,4.909,0.214,0.166,0.012
"36","Kyle Farmer",3000,-0.369,0.634,-0.391,-0.38,0.641,-2.391,1.885,4.277,0.214,0.024,0.012
"37","Brandon Dixon",3000,-0.397,0.681,-0.418,-0.412,0.664,-2.507,1.998,4.506,0.213,0.126,0.012
"38","Hanser Alberto",3000,-0.828,0.442,-0.839,-0.837,0.439,-2.186,1.217,3.403,0.21,0.209,0.008
"39","Jon Berti",3000,-0.395,0.68,-0.429,-0.408,0.681,-2.345,2.559,4.904,0.209,-0.046,0.012
"40","Patrick Wisdom",3000,-0.327,0.672,-0.346,-0.34,0.683,-2.265,2.059,4.324,0.208,-0.001,0.012
"41","Carlos Tocci",3000,-0.548,0.687,-0.566,-0.561,0.693,-2.746,2.32,5.066,0.208,0.125,0.013
"42","Raffy Lopez",3000,-0.784,0.46,-0.789,-0.793,0.461,-2.289,1.014,3.303,0.208,0.105,0.008
"43","Ramon Laureano",3000,-0.372,0.661,-0.394,-0.385,0.653,-2.256,2.064,4.32,0.207,0.005,0.012
"44","JaCoby Jones",3000,-0.864,0.523,-0.887,-0.873,0.516,-2.413,1.176,3.589,0.206,0.034,0.01
"45","Austin Barnes",3000,-0.216,0.741,-0.241,-0.231,0.719,-2.772,2.775,5.547,0.206,0.054,0.014
"46","Victor Caratini",3000,-0.531,0.519,-0.542,-0.541,0.513,-2.163,1.561,3.724,0.205,0.153,0.009
"47","Socrates Brito",3000,-0.759,0.603,-0.772,-0.77,0.587,-2.717,1.522,4.24,0.204,0.048,0.011
"48","Jose Rondon",3000,-0.758,0.47,-0.772,-0.768,0.466,-2.369,1.181,3.55,0.202,0.149,0.009
"49","David Fletcher",3000,-0.328,0.667,-0.344,-0.339,0.655,-2.691,2.355,5.046,0.201,0.167,0.012
"50","Phillip Ervin",3000,-0.639,0.647,-0.645,-0.651,0.632,-2.88,1.894,4.774,0.201,0.233,0.012
"51","John Ryan Murphy",3000,-0.801,0.484,-0.818,-0.81,0.476,-2.2,0.974,3.174,0.201,-0.001,0.009
"52","Chris Stewart",3000,-0.718,0.536,-0.739,-0.728,0.535,-2.532,1.692,4.224,0.201,0.088,0.01
"53","Francisco Arcia",3000,-0.314,0.672,-0.338,-0.325,0.674,-2.473,2.259,4.732,0.2,0.158,0.012
"54","Jason Kipnis",3000,-0.852,0.868,-0.897,-0.871,0.866,-3.421,2.057,5.478,0.199,-0.064,0.016
"55","Charlie Culberson",3000,-0.591,0.477,-0.618,-0.6,0.467,-2.313,1.339,3.652,0.198,0.095,0.009
"56","Brett Phillips",3000,-0.492,0.6,-0.51,-0.499,0.59,-2.394,2.557,4.951,0.198,0.308,0.011
"57","Carlos Perez",3000,-1.045,0.53,-1.071,-1.056,0.539,-2.78,0.955,3.736,0.198,-0.002,0.01
"58","Tyler Flowers",3000,-0.345,0.911,-0.371,-0.36,0.921,-3.406,3.335,6.741,0.197,0.017,0.017
"59","J.D. Martinez",3000,3.29,1.231,3.241,3.267,1.261,-0.886,8.41,9.296,0.196,-0.046,0.022
"60","Jorge Alfaro",3000,-0.788,0.522,-0.8,-0.798,0.517,-2.507,1.348,3.855,0.196,0.023,0.01
"61","Lane Adams",3000,-0.513,0.633,-0.54,-0.525,0.628,-2.542,1.968,4.511,0.196,0.065,0.012
"62","Johnny Field",3000,-0.389,0.673,-0.389,-0.4,0.657,-2.567,2.415,4.982,0.196,0.288,0.012
"63","Javier Guerra",3000,-0.3,0.673,-0.324,-0.315,0.676,-2.384,2.079,4.463,0.196,-0.014,0.012
"64","Tony Kemp",3000,-0.603,0.497,-0.621,-0.613,0.508,-2.175,1.085,3.26,0.195,-0.054,0.009
"65","Renato Nunez",3000,-0.826,0.486,-0.842,-0.836,0.482,-2.43,0.923,3.353,0.195,-0.058,0.009
"66","Devin Mesoraco",3000,-0.678,0.599,-0.698,-0.689,0.596,-2.702,1.546,4.248,0.195,0.095,0.011
"67","Jarrod Dyson",3000,-0.574,0.881,-0.608,-0.589,0.878,-3.225,2.741,5.966,0.195,-0.02,0.016
"68","Kevan Smith",3000,-1.099,0.562,-1.12,-1.108,0.57,-2.669,1.013,3.682,0.194,0.021,0.01
"69","Jesmuel Valentin",3000,-0.35,0.684,-0.387,-0.362,0.669,-2.498,2.014,4.512,0.194,0.095,0.012
"70","Kyle Higashioka",3000,-0.72,0.435,-0.743,-0.728,0.417,-2.385,1.172,3.557,0.193,0.33,0.008
"71","Aledmys Diaz",3000,-0.553,0.774,-0.576,-0.566,0.775,-2.792,3.286,6.078,0.192,0.054,0.014
"72","Tzu-Wei Lin",3000,-0.763,0.605,-0.787,-0.775,0.6,-2.653,1.351,4.004,0.192,-0.014,0.011
"73","Andrew Susac",3000,-0.652,0.466,-0.657,-0.66,0.467,-2.207,1.266,3.473,0.192,0.164,0.009
"74","Giovanny Urshela",3000,-0.969,0.652,-0.98,-0.978,0.64,-2.94,2.028,4.968,0.191,0.089,0.012
"75","J.D. Davis",3000,-0.535,0.616,-0.554,-0.546,0.614,-2.753,2.061,4.814,0.191,0.154,0.011
"76","Roberto Perez",3000,-1.504,0.717,-1.521,-1.516,0.709,-3.626,1.687,5.314,0.191,0.164,0.013
"77","Daniel Robertson",3000,-0.606,0.688,-0.638,-0.618,0.681,-2.762,2.289,5.051,0.19,0.146,0.013
"78","Yadiel Rivera",3000,-0.805,0.358,-0.815,-0.812,0.351,-2.117,0.73,2.846,0.19,0.259,0.007
"79","Rowdy Tellez",3000,-0.396,0.661,-0.408,-0.407,0.652,-2.485,2.857,5.342,0.189,0.117,0.012
"80","Joey Votto",3000,5.814,1.402,5.785,5.787,1.425,0.94,11.581,10.641,0.189,0.072,0.026
"81","Johan Camargo",3000,-0.585,0.646,-0.601,-0.597,0.633,-2.658,1.705,4.363,0.189,0.106,0.012
"82","Freddy Galvis",3000,0.483,1.293,0.419,0.461,1.285,-4.013,5.671,9.683,0.189,0.112,0.024
"83","Blake Swihart",3000,-0.596,0.583,-0.619,-0.606,0.582,-2.637,1.417,4.053,0.189,-0.043,0.011
"84","Drew Robinson",3000,-0.756,0.669,-0.78,-0.769,0.668,-2.969,2.252,5.22,0.189,0.192,0.012
"85","Justin Bour",3000,1.076,1.014,1.05,1.06,1.019,-1.906,5.343,7.25,0.188,0.132,0.019
"86","Jabari Blash",3000,-0.635,0.663,-0.647,-0.646,0.655,-2.721,2.138,4.859,0.188,0.124,0.012
"87","Nate Orf",3000,-0.378,0.677,-0.395,-0.389,0.669,-2.868,2.449,5.317,0.188,0.191,0.012
"88","Breyvic Valera",3000,-0.613,0.463,-0.617,-0.621,0.448,-2.076,1.143,3.22,0.187,0.162,0.008
"89","Tony Cruz",3000,-1.065,0.444,-1.084,-1.074,0.447,-2.517,0.527,3.044,0.187,-0.019,0.008
"90","Kyle Tucker",3000,-0.273,0.681,-0.298,-0.285,0.673,-2.81,2.384,5.194,0.187,0.113,0.012
"91","Byron Buxton",3000,-0.134,1.164,-0.158,-0.149,1.151,-3.681,4.758,8.439,0.186,0.169,0.021
"92","Nick Martini",3000,-0.331,0.657,-0.337,-0.34,0.652,-2.394,2.639,5.033,0.185,0.178,0.012
"93","Adam Duvall",3000,2.584,1.279,2.507,2.562,1.285,-1.386,6.77,8.156,0.185,-0.12,0.023
"94","Dawel Lugo",3000,-0.419,0.666,-0.437,-0.431,0.652,-2.908,2.569,5.477,0.184,0.235,0.012
"95","Kelby Tomlinson",3000,-0.548,0.641,-0.572,-0.561,0.65,-3.171,1.851,5.022,0.184,0.056,0.012
"96","Kevin Kramer",3000,-0.275,0.676,-0.291,-0.286,0.647,-2.591,2.602,5.193,0.184,0.203,0.012
"97","Pablo Reyes",3000,-0.337,0.68,-0.368,-0.349,0.681,-2.567,2.662,5.229,0.183,0.004,0.012
"98","John Hicks",3000,-0.361,0.632,-0.377,-0.372,0.651,-2.605,1.913,4.517,0.183,0.042,0.012
"99","Luis Guillorme",3000,-0.19,0.672,-0.217,-0.204,0.685,-2.348,1.953,4.301,0.183,-0.086,0.012
"100","Drew Butera",3000,-0.727,0.586,-0.741,-0.739,0.598,-3.089,1.259,4.348,0.183,-0.039,0.011
"101","Yoenis Cespedes",3000,0.736,0.907,0.698,0.721,0.908,-2.099,4.189,6.288,0.182,0.154,0.017
"102","Brandon Lowe",3000,-0.326,0.676,-0.353,-0.338,0.683,-2.214,2.01,4.223,0.182,-0.136,0.012
"103","Sam Travis",3000,-0.757,0.555,-0.777,-0.767,0.54,-2.475,1.509,3.984,0.182,0.033,0.01
"104","Matt Szczur",3000,-0.582,0.683,-0.599,-0.595,0.673,-2.786,2.053,4.839,0.182,0.016,0.012
"105","Craig Gentry",3000,-0.808,0.507,-0.825,-0.815,0.512,-2.4,1.167,3.567,0.181,0.045,0.009
"106","Daniel Palka",3000,-0.401,0.679,-0.425,-0.411,0.66,-2.302,2.369,4.671,0.181,0.12,0.012
"107","Michael Hermosillo",3000,-0.299,0.69,-0.321,-0.31,0.692,-2.632,2.327,4.959,0.181,0.109,0.013
"108","Mason Williams",3000,-0.596,0.57,-0.614,-0.604,0.564,-2.225,1.487,3.712,0.18,0.09,0.01
"109","Austin Wynns",3000,-0.407,0.672,-0.418,-0.42,0.677,-2.298,2.1,4.398,0.18,-0.039,0.012
"110","C.J. Cron",3000,-0.364,0.826,-0.39,-0.377,0.84,-3.539,3.613,7.153,0.179,0.039,0.015
"111","Ian Desmond",3000,-1.613,0.789,-1.622,-1.627,0.772,-4.45,1.688,6.138,0.179,0.196,0.014
"112","Freddie Freeman",3000,4.301,1.307,4.275,4.279,1.311,0.556,9.244,8.688,0.178,-0.021,0.024
"113","Joey Wendle",3000,-0.225,0.508,-0.232,-0.235,0.518,-1.738,1.725,3.463,0.178,-0.048,0.009
"114","Chase d'Arnaud",3000,-0.647,0.484,-0.66,-0.654,0.486,-2.251,1.127,3.378,0.178,0.001,0.009
"115","Jorge Soler",3000,-0.66,0.684,-0.691,-0.669,0.685,-2.878,2.322,5.2,0.177,0.105,0.012
"116","Danny Santana",3000,-1.005,0.7,-1.027,-1.016,0.681,-3.334,1.919,5.252,0.177,0.21,0.013
"117","Paul DeJong",3000,0.281,0.935,0.264,0.265,0.924,-2.459,3.418,5.877,0.176,0.022,0.017
"118","Tom Murphy",3000,-0.668,0.531,-0.676,-0.676,0.53,-2.285,1.803,4.088,0.176,0.093,0.01
"119","Luke Voit",3000,-0.462,0.615,-0.5,-0.473,0.613,-3.066,1.626,4.691,0.175,0.169,0.011
"120","Anthony Rizzo",3000,7.432,1.643,7.4,7.406,1.603,2.244,13.907,11.663,0.175,0.097,0.03
"121","Ji-Man Choi",3000,-0.098,0.7,-0.128,-0.111,0.674,-2.49,2.283,4.773,0.175,-0.035,0.013
"122","Nick Hundley",3000,-0.598,0.717,-0.62,-0.612,0.703,-3.192,1.965,5.157,0.175,0.021,0.013
"123","Grayson Greiner",3000,-0.397,0.679,-0.435,-0.409,0.677,-2.529,1.759,4.288,0.175,-0.098,0.012
"124","Pete Kozma",3000,-0.839,0.447,-0.852,-0.845,0.455,-2.274,0.789,3.063,0.175,0.034,0.008
"125","Andrew Knapp",3000,-0.414,0.64,-0.426,-0.424,0.638,-2.41,2.025,4.435,0.175,0.097,0.012
"126","Francisco Mejia",3000,-0.397,0.49,-0.408,-0.405,0.494,-1.919,1.532,3.451,0.174,0.061,0.009
"127","Yan Gomes",3000,-1.363,0.776,-1.387,-1.375,0.771,-3.902,1.827,5.729,0.173,0.11,0.014
"128","Eric Thames",3000,0.971,1.017,0.946,0.956,0.993,-2.603,5.683,8.286,0.173,0.242,0.019
"129","Jeff Mathis",3000,-0.844,0.553,-0.857,-0.852,0.562,-2.748,1.355,4.103,0.173,0.116,0.01
"130","Meibrys Viloria",3000,-0.427,0.677,-0.453,-0.44,0.688,-2.466,2.091,4.557,0.172,0.032,0.012
"131","Jose Lobaton",3000,-0.655,0.63,-0.669,-0.664,0.616,-2.681,1.897,4.577,0.172,0.172,0.012
"132","Adam Frazier",3000,-0.267,0.818,-0.292,-0.282,0.816,-3.155,2.683,5.837,0.171,0.048,0.015
"133","David Bote",3000,-0.375,0.662,-0.39,-0.385,0.663,-2.35,2.228,4.578,0.171,0.011,0.012
"134","Kristopher Negron",3000,-0.848,0.491,-0.856,-0.855,0.493,-2.475,1.082,3.557,0.171,0.054,0.009
"135","Bruce Maxwell",3000,-0.611,0.662,-0.612,-0.621,0.658,-2.551,2.157,4.708,0.171,0.015,0.012
"136","Dee Gordon",3000,0.036,1.09,0.001,0.021,1.081,-3.693,4.371,8.065,0.17,0.108,0.02
"137","Christin Stewart",3000,-0.393,0.667,-0.404,-0.404,0.67,-2.578,2.222,4.8,0.17,0.052,0.012
"138","Victor Reyes",3000,-0.403,0.661,-0.42,-0.414,0.657,-2.433,2.41,4.843,0.17,0.041,0.012
"139","Tony Wolters",3000,-1.062,0.652,-1.072,-1.074,0.663,-2.953,1.294,4.247,0.169,-0.102,0.012
"140","Jake Bauers",3000,-0.362,0.666,-0.38,-0.373,0.662,-2.584,2.286,4.87,0.168,0.023,0.012
"141","Travis Jankowski",3000,-0.696,0.537,-0.702,-0.705,0.531,-2.517,1.448,3.965,0.167,0.127,0.01
"142","Travis d'Arnaud",3000,-0.358,0.688,-0.365,-0.368,0.684,-2.373,2.192,4.565,0.167,0.029,0.013
"143","Victor Robles",3000,-0.565,0.556,-0.583,-0.572,0.55,-2.196,1.74,3.936,0.166,0.16,0.01
"144","Christopher Bostick",3000,-0.389,0.598,-0.404,-0.397,0.599,-2.297,2.002,4.299,0.166,0.069,0.011
"145","Rob Refsnyder",3000,-0.659,0.57,-0.674,-0.667,0.554,-2.303,1.604,3.906,0.166,0.113,0.01
"146","Mark Canha",3000,-0.78,0.628,-0.789,-0.79,0.621,-3.005,1.924,4.93,0.165,0.062,0.011
"147","Corban Joseph",3000,-0.404,0.675,-0.428,-0.413,0.687,-2.691,2.67,5.361,0.165,0.141,0.012
"148","Zack Cozart",3000,0.469,0.966,0.444,0.456,0.939,-2.852,4.124,6.976,0.165,0.182,0.018
"149","Alex Avila",3000,0.87,1.047,0.858,0.856,1.045,-2.376,5.164,7.54,0.165,0.023,0.019
"150","Preston Tucker",3000,-0.896,0.703,-0.914,-0.906,0.708,-3.001,2.147,5.149,0.164,0.006,0.013
"151","Scott Kingery",3000,-0.329,0.677,-0.364,-0.339,0.661,-3.028,2.605,5.633,0.164,0.154,0.012
"152","Scooter Gennett",3000,0.052,1.053,0.057,0.036,0.983,-3.194,4.504,7.698,0.163,0.135,0.019
"153","Mitch Haniger",3000,0.011,0.931,-0.011,-0.004,0.941,-2.953,3.765,6.719,0.163,0.071,0.017
"154","J.T. Realmuto",3000,0.054,0.9,0.036,0.039,0.88,-2.822,3.197,6.019,0.163,0.052,0.016
"155","Yasiel Puig",3000,0.297,0.973,0.258,0.281,0.976,-2.475,3.647,6.122,0.163,-0.039,0.018
"156","Elvis Andrus",3000,-0.354,1.123,-0.401,-0.369,1.11,-3.999,4.482,8.482,0.163,0.146,0.021
"157","Dilson Herrera",3000,-0.616,0.673,-0.625,-0.624,0.664,-2.516,2.001,4.517,0.163,0.071,0.012
"158","Moises Sierra",3000,-0.38,0.68,-0.38,-0.39,0.655,-2.371,2.228,4.599,0.163,0.052,0.012
"159","Mike Trout",3000,4.753,1.365,4.695,4.727,1.383,0.043,9.244,9.201,0.162,-0.129,0.025
"160","Austin Hedges",3000,-1.186,0.595,-1.201,-1.196,0.588,-3.099,1.039,4.138,0.162,0.012,0.011
"161","Chad Wallach",3000,-0.546,0.398,-0.561,-0.552,0.4,-1.911,1.086,2.997,0.162,0.059,0.007
"162","Deven Marrero",3000,-1.083,0.55,-1.107,-1.091,0.55,-2.767,1.105,3.872,0.162,0.057,0.01
"163","Cliff Pennington",3000,-1.022,0.735,-1.046,-1.035,0.735,-3.565,1.596,5.161,0.162,-0.036,0.013
"164","Matt Davidson",3000,-0.041,0.767,-0.055,-0.052,0.754,-2.758,3.308,6.066,0.161,0.172,0.014
"165","Derek Fisher",3000,-0.644,0.754,-0.667,-0.655,0.75,-2.84,2.138,4.978,0.161,-0.021,0.014
"166","Isiah Kiner-Falefa",3000,-0.624,0.667,-0.654,-0.632,0.666,-2.563,1.993,4.557,0.159,-0.031,0.012
"167","Eduardo Escobar",3000,-0.306,0.86,-0.343,-0.32,0.881,-3.146,2.939,6.086,0.158,-0.072,0.016
"168","A.J. Pollock",3000,-0.117,0.788,-0.139,-0.129,0.792,-2.666,2.466,5.133,0.158,-0.061,0.014
"169","Khris Davis",3000,2.938,1.314,2.924,2.919,1.288,-1.129,8.737,9.865,0.158,0.108,0.024
"170","Trey Mancini",3000,10.169,1.848,10.122,10.142,1.839,3.971,16.817,12.846,0.158,0.003,0.034
"171","Franchy Cordero",3000,-0.545,0.599,-0.574,-0.554,0.59,-2.371,1.557,3.928,0.158,0.109,0.011
"172","Howie Kendrick",3000,-0.446,0.878,-0.469,-0.458,0.878,-2.82,3.037,5.857,0.157,0.004,0.016
"173","Max Muncy",3000,-0.626,0.661,-0.654,-0.636,0.658,-2.704,2.113,4.818,0.157,-0.01,0.012
"174","Cedric Mullins II",3000,-0.39,0.667,-0.399,-0.4,0.681,-2.532,2.383,4.915,0.157,0.087,0.012
"175","Steven Souza Jr.",3000,0.385,1.111,0.368,0.369,1.099,-2.843,4.774,7.617,0.157,0.08,0.02
"176","J.P. Crawford",3000,-0.491,0.549,-0.506,-0.499,0.552,-2.33,1.941,4.271,0.157,0.092,0.01
"177","Ronald Torreyes",3000,-0.608,0.842,-0.632,-0.62,0.848,-3.291,2.352,5.643,0.156,0.038,0.015
"178","Yasmani Grandal",3000,1.716,1.162,1.683,1.697,1.158,-2.238,6.119,8.357,0.156,0.12,0.021
"179","Orlando Arcia",3000,-0.798,0.887,-0.803,-0.809,0.872,-3.47,2.906,6.376,0.156,0.058,0.016
"180","Ryan Flaherty",3000,-0.82,0.6,-0.849,-0.829,0.597,-2.711,1.202,3.912,0.156,-0.089,0.011
"181","Jacob Stallings",3000,0.13,0.689,0.099,0.118,0.675,-2.475,2.429,4.904,0.156,0.062,0.013
"182","Jacob Nottingham",3000,-0.41,0.672,-0.425,-0.422,0.674,-2.814,2.206,5.02,0.156,0.097,0.012
"183","Lewis Brinson",3000,-0.562,0.532,-0.581,-0.568,0.52,-2.203,1.379,3.582,0.156,0.073,0.01
"184","Justin Turner",3000,2.635,1.221,2.611,2.618,1.217,-1.204,7.983,9.187,0.155,0.04,0.022
"185","Franmil Reyes",3000,-0.318,0.663,-0.326,-0.326,0.662,-2.415,2.892,5.306,0.155,0.164,0.012
"186","Mike Moustakas",3000,0.979,1.102,0.945,0.963,1.086,-2.683,5.945,8.628,0.155,0.049,0.02
"187","Franklin Barreto",3000,-0.593,0.582,-0.602,-0.603,0.59,-2.632,1.688,4.32,0.155,-0.022,0.011
"188","Marcell Ozuna",3000,0.914,1.064,0.867,0.896,1.029,-2.643,4.86,7.503,0.154,0.153,0.019
"189","Adrian Sanchez",3000,-0.714,0.558,-0.72,-0.722,0.556,-2.514,1.226,3.74,0.154,-0.004,0.01
"190","Tyler O'Neill",3000,-0.36,0.662,-0.389,-0.37,0.661,-2.358,2.399,4.758,0.154,0.004,0.012
"191","Tomas Nido",3000,-0.363,0.584,-0.373,-0.372,0.582,-2.346,1.66,4.006,0.154,0.006,0.011
"192","Aaron Judge",3000,3.002,1.295,2.995,2.984,1.298,-0.981,8.405,9.386,0.153,0.134,0.024
"193","Ben Gamel",3000,-0.626,0.773,-0.636,-0.639,0.77,-3.231,2.057,5.288,0.153,-0.088,0.014
"194","Jose Fernandez",3000,-0.335,0.66,-0.347,-0.344,0.667,-2.499,2.389,4.887,0.153,0.119,0.012
"195","Ian Happ",3000,0.166,0.905,0.151,0.153,0.889,-2.574,3.48,6.053,0.153,0.083,0.017
"196","Jose Osuna",3000,-0.676,0.611,-0.682,-0.684,0.612,-2.67,2.306,4.976,0.153,0.208,0.011
"197","Nicky Delmonico",3000,-0.276,0.816,-0.307,-0.289,0.8,-3.031,3.441,6.472,0.153,0.083,0.015
"198","Adam Rosales",3000,-0.954,0.728,-0.965,-0.965,0.706,-3.492,1.715,5.207,0.153,0.054,0.013
"199","Ryan Rua",3000,-1.05,0.632,-1.061,-1.059,0.635,-2.925,1.161,4.086,0.153,-0.017,0.012
"200","Matt Chapman",3000,-0.394,0.73,-0.416,-0.404,0.714,-2.695,2.231,4.926,0.152,0.032,0.013
"201","Martin Prado",3000,-0.571,0.622,-0.582,-0.579,0.61,-2.601,1.89,4.491,0.152,0.06,0.011
"202","Jesus Sucre",3000,-0.304,0.72,-0.318,-0.312,0.718,-2.631,2.879,5.51,0.152,0.07,0.013
"203","Luis Urias",3000,-0.306,0.673,-0.331,-0.314,0.676,-2.382,2.123,4.505,0.151,0.052,0.012
"204","Mookie Betts",3000,-0.008,0.841,-0.037,-0.02,0.844,-2.743,2.874,5.618,0.15,-0.1,0.015
"205","Yandy Diaz",3000,-0.808,0.589,-0.827,-0.816,0.576,-2.746,1.559,4.304,0.15,0.181,0.011
"206","Miguel Andujar",3000,0.107,0.724,0.096,0.096,0.717,-2.234,2.818,5.052,0.15,0.069,0.013
"207","Ryan Zimmerman",3000,0.342,1.043,0.31,0.327,1.023,-3.043,4.454,7.497,0.15,0.151,0.019
"208","John Andreoli",3000,-0.385,0.658,-0.4,-0.395,0.639,-2.432,2.061,4.493,0.15,0.092,0.012
"209","Enrique Hernandez",3000,-0.273,0.766,-0.299,-0.282,0.779,-3.257,2.737,5.994,0.149,0.16,0.014
"210","Alcides Escobar",3000,-1.196,1.03,-1.209,-1.211,1.034,-4.248,2.354,6.602,0.149,0.097,0.019
"211","Brian Dozier",3000,4.175,1.439,4.128,4.152,1.441,-0.551,8.923,9.474,0.149,-0.099,0.026
"212","Charlie Tilson",3000,-0.42,0.585,-0.443,-0.429,0.575,-2.393,2.171,4.564,0.148,0.145,0.011
"213","Cody Bellinger",3000,1.786,1.114,1.756,1.77,1.107,-1.524,6.348,7.872,0.148,-0.001,0.02
"214","Alex Verdugo",3000,-0.675,0.541,-0.694,-0.683,0.56,-2.528,1.304,3.832,0.148,-0.143,0.01
"215","Bryce Harper",3000,3.253,1.207,3.242,3.237,1.189,-0.916,7.903,8.819,0.148,0.174,0.022
"216","Jonathan Davis",3000,-0.394,0.672,-0.406,-0.403,0.664,-2.532,2.131,4.663,0.148,0.017,0.012
"217","Steve Pearce",3000,0.127,0.805,0.095,0.118,0.792,-2.699,3.268,5.967,0.147,-0.004,0.015
"218","Omar Narvaez",3000,-0.621,0.698,-0.631,-0.63,0.693,-3.031,2.087,5.118,0.147,0.018,0.013
"219","Lucas Duda",3000,0.736,0.971,0.694,0.724,0.959,-2.142,4.384,6.526,0.147,0.049,0.018
"220","Ozzie Albies",3000,-0.581,0.742,-0.587,-0.59,0.74,-2.802,2.135,4.936,0.146,-0.001,0.014
"221","Daniel Descalso",3000,-0.61,0.775,-0.635,-0.62,0.747,-3.11,2.256,5.366,0.146,-0.002,0.014
"222","Brett Gardner",3000,-0.14,1.127,-0.179,-0.155,1.092,-4.215,4.616,8.832,0.146,0.21,0.021
"223","Joey Gallo",3000,0.39,1.05,0.381,0.375,1.054,-3.266,4.851,8.117,0.146,0.065,0.019
"224","Chris Davis",3000,2.488,1.231,2.437,2.466,1.262,-1.926,6.76,8.686,0.146,-0.064,0.022
"225","Wilson Ramos",3000,-0.581,0.739,-0.615,-0.593,0.73,-3.126,2.154,5.28,0.145,0.035,0.013
"226","Eduardo Nunez",3000,-0.44,0.978,-0.457,-0.454,0.957,-3.327,3.437,6.765,0.145,-0.012,0.018
"227","Danny Valencia",3000,-0.25,0.938,-0.282,-0.263,0.918,-2.972,3.253,6.225,0.145,-0.009,0.017
"228","Joey Rickard",3000,-0.948,0.758,-0.967,-0.956,0.723,-3.542,2.031,5.573,0.145,0.232,0.014
"229","Carlos Gomez",3000,-0.202,1.039,-0.235,-0.216,0.999,-3.954,4.454,8.409,0.145,0.33,0.019
"230","Gregorio Petit",3000,-0.991,0.566,-1.001,-0.998,0.544,-2.948,1.84,4.788,0.144,0.304,0.01
"231","Randal Grichuk",3000,0.101,0.887,0.079,0.085,0.861,-2.789,3.35,6.139,0.144,0.134,0.016
"232","Eric Young Jr.",3000,-0.903,0.494,-0.921,-0.91,0.489,-2.785,0.852,3.637,0.144,-0.027,0.009
"233","Paulo Orlando",3000,-0.642,0.581,-0.658,-0.65,0.565,-2.399,1.473,3.873,0.144,-0.018,0.011
"234","Shane Robinson",3000,-0.618,0.493,-0.623,-0.624,0.479,-1.973,1.172,3.145,0.144,-0.045,0.009
"235","Ryan O'Hearn",3000,-0.433,0.655,-0.467,-0.441,0.639,-2.526,2.16,4.686,0.143,0.071,0.012
"236","Roman Quinn",3000,-0.679,0.694,-0.689,-0.686,0.675,-2.925,2.034,4.959,0.143,0.176,0.013
"237","Chris Taylor",3000,-0.498,0.866,-0.513,-0.509,0.836,-3.15,2.505,5.655,0.143,0.056,0.016
"238","Billy McKinney",3000,-0.397,0.671,-0.412,-0.407,0.684,-2.567,1.916,4.483,0.143,-0.102,0.012
"239","Brad Miller",3000,-0.439,0.908,-0.461,-0.45,0.895,-3.108,3.129,6.237,0.143,0.01,0.017
"240","Cam Gallagher",3000,-0.715,0.515,-0.731,-0.723,0.527,-2.199,1.142,3.341,0.143,-0.174,0.009
"241","Chase Headley",3000,1.945,1.275,1.904,1.926,1.27,-1.92,6.518,8.438,0.143,-0.077,0.023
"242","Michael Perez",3000,-0.32,0.651,-0.34,-0.326,0.665,-2.297,2.493,4.79,0.142,0.035,0.012
"243","Adalberto Mondesi",3000,-0.967,0.58,-0.98,-0.975,0.58,-2.711,1.383,4.095,0.142,-0.002,0.011
"244","Ender Inciarte",3000,-0.114,1.04,-0.139,-0.129,1.007,-3.308,4.177,7.485,0.142,0.018,0.019
"245","Eric Hosmer",3000,1.761,1.172,1.748,1.745,1.183,-2.007,6.018,8.024,0.141,-0.102,0.021
"246","Hunter Renfroe",3000,0.958,0.985,0.921,0.944,0.991,-2.621,4.45,7.071,0.141,-0.037,0.018
"247","Christian Walker",3000,-0.509,0.728,-0.528,-0.518,0.728,-2.674,2.162,4.836,0.141,-0.053,0.013
"248","Kaleb Cowart",3000,-0.88,0.551,-0.888,-0.887,0.549,-2.825,1.179,4.004,0.141,0.076,0.01
"249","Starling Marte",3000,-0.319,0.879,-0.339,-0.332,0.881,-3.29,2.878,6.168,0.14,0.09,0.016
"250","Brandon Nimmo",3000,-0.217,0.723,-0.225,-0.225,0.725,-2.808,2.995,5.804,0.14,0.153,0.013
"251","Peter Bourjos",3000,-1.125,0.767,-1.141,-1.135,0.759,-3.503,1.666,5.169,0.14,0.008,0.014
"252","Yonder Alonso",3000,0.092,0.987,0.051,0.078,0.964,-3.064,3.98,7.045,0.139,0.173,0.018
"253","Luis Sardinas",3000,-0.748,0.494,-0.758,-0.754,0.482,-2.442,1.2,3.642,0.139,0.113,0.009
"254","Christian Yelich",3000,1.734,1.224,1.698,1.719,1.2,-2.427,5.685,8.113,0.138,0.049,0.022
"255","Justin Upton",3000,0.992,1.085,0.975,0.978,1.099,-2.358,5.341,7.699,0.138,-0.015,0.02
"256","Tucker Barnhart",3000,-0.664,0.834,-0.671,-0.674,0.821,-3.329,2.254,5.584,0.138,0.074,0.015
"257","Albert Pujols",3000,0.169,1.015,0.128,0.154,1.014,-3.025,3.377,6.402,0.138,-0.078,0.019
"258","Anthony Santander",3000,-0.49,0.59,-0.502,-0.497,0.588,-2.514,1.976,4.489,0.138,-0.003,0.011
"259","Jose Peraza",3000,-1.141,0.832,-1.148,-1.149,0.81,-3.785,2.185,5.97,0.137,0.226,0.015
"260","Domingo Santana",3000,0.788,1.054,0.774,0.774,1.068,-2.922,4.882,7.805,0.137,-0.029,0.019
"261","Denard Span",3000,0.042,0.975,0.011,0.025,0.952,-3.179,3.44,6.619,0.137,0.138,0.018
"262","Erik Kratz",3000,1.881,1.07,1.863,1.869,1.06,-1.494,6.011,7.505,0.137,0.068,0.02
"263","Logan Forsythe",3000,-0.559,0.852,-0.577,-0.569,0.859,-3.424,3.419,6.843,0.137,0.02,0.016
"264","Josh Phegley",3000,-0.565,0.608,-0.574,-0.571,0.602,-2.517,1.599,4.116,0.137,0.047,0.011
"265","Joe Mauer",3000,0.116,1.065,0.071,0.101,1.032,-3.418,3.934,7.353,0.136,-0.006,0.019
"266","Ryan Braun",3000,0.246,0.982,0.198,0.236,0.969,-2.744,3.906,6.65,0.136,0.024,0.018
"267","Tomas Telis",3000,-0.603,0.589,-0.605,-0.61,0.596,-2.624,1.853,4.477,0.136,0.128,0.011
"268","Brandon Guyer",3000,-0.979,0.839,-0.983,-0.991,0.831,-3.834,2.085,5.919,0.136,-0.049,0.015
"269","J.B. Shuck",3000,-0.627,0.652,-0.63,-0.635,0.661,-2.594,1.756,4.35,0.136,0.059,0.012
"270","Taylor Ward",3000,-0.296,0.671,-0.308,-0.304,0.67,-2.503,2.993,5.496,0.136,0.106,0.012
"271","Gabriel Guerrero",3000,-0.426,0.678,-0.448,-0.434,0.698,-2.385,1.982,4.368,0.136,-0.12,0.012
"272","Willians Astudillo",3000,-0.431,0.679,-0.44,-0.439,0.687,-2.549,2.611,5.16,0.135,0.032,0.012
"273","Andrelton Simmons",3000,0.253,1.127,0.227,0.239,1.128,-3.201,4.756,7.957,0.135,-0.04,0.021
"274","Austin Meadows",3000,-0.393,0.67,-0.41,-0.399,0.653,-2.88,2.494,5.374,0.135,0.232,0.012
"275","Austin Slater",3000,-0.635,0.572,-0.656,-0.642,0.57,-2.448,1.628,4.076,0.135,-0.044,0.01
"276","Devon Travis",3000,-0.399,0.698,-0.418,-0.408,0.713,-2.471,1.802,4.273,0.135,-0.135,0.013
"277","Todd Frazier",3000,1.877,1.2,1.845,1.861,1.206,-1.927,6.301,8.228,0.135,-0.059,0.022
"278","Leury Garcia",3000,-1.09,0.705,-1.111,-1.098,0.701,-3.297,1.821,5.118,0.134,-0.011,0.013
"279","Ryan McMahon",3000,-0.791,0.492,-0.799,-0.798,0.483,-2.343,1.072,3.415,0.134,-0.003,0.009
"280","Mac Williamson",3000,-0.593,0.599,-0.604,-0.599,0.599,-2.484,1.838,4.322,0.134,0,0.011
"281","Melky Cabrera",3000,-0.18,1.006,-0.209,-0.193,1.006,-3.497,3.615,7.112,0.133,-0.051,0.018
"282","Nomar Mazara",3000,-0.458,1.008,-0.475,-0.467,0.993,-3.72,3.87,7.591,0.133,0.079,0.018
"283","Hernan Perez",3000,-0.691,0.765,-0.707,-0.701,0.769,-3.07,1.873,4.944,0.133,-0.037,0.014
"284","Luke Maile",3000,-0.864,0.46,-0.873,-0.87,0.448,-2.188,0.936,3.123,0.133,-0.044,0.008
"285","Nick Ahmed",3000,-0.792,0.62,-0.815,-0.801,0.621,-2.72,1.491,4.211,0.133,0.082,0.011
"286","Brandon Phillips",3000,-0.756,0.889,-0.767,-0.766,0.906,-3.289,2.253,5.542,0.133,-0.01,0.016
"287","Jesse Winker",3000,-0.55,0.701,-0.559,-0.559,0.698,-2.831,2.221,5.052,0.132,0.066,0.013
"288","Jason Heyward",3000,-0.626,0.817,-0.643,-0.635,0.823,-3.377,2.526,5.904,0.132,0.072,0.015
"289","J.T. Riddle",3000,-0.647,0.651,-0.66,-0.654,0.655,-2.818,1.796,4.614,0.132,-0.036,0.012
"290","Corey Dickerson",3000,1.538,1.144,1.511,1.523,1.159,-2.339,5.507,7.846,0.131,-0.103,0.021
"291","Nicholas Castellanos",3000,2.813,1.289,2.776,2.799,1.288,-1.097,7.942,9.039,0.131,0.065,0.024
"292","Matt Duffy",3000,-0.608,0.825,-0.628,-0.619,0.818,-3.144,2.237,5.382,0.131,-0.085,0.015
"293","Adeiny Hechavarria",3000,-0.967,0.69,-0.979,-0.976,0.659,-3.262,1.363,4.625,0.131,0.101,0.013
"294","Gregor Blanco",3000,-0.284,0.715,-0.305,-0.293,0.699,-3.017,2.311,5.328,0.131,0.152,0.013
"295","Andrew Romine",3000,-0.738,0.748,-0.756,-0.748,0.756,-3.551,2.277,5.828,0.131,0.097,0.014
"296","Trevor Story",3000,0.116,1.098,0.101,0.101,1.11,-3.337,3.93,7.266,0.13,-0.047,0.02
"297","Justin Smoak",3000,2.389,1.19,2.379,2.375,1.204,-1.434,6.699,8.133,0.13,-0.005,0.022
"298","Delino DeShields",3000,-1.618,1.041,-1.631,-1.628,1.04,-5.212,3.624,8.836,0.13,0.092,0.019
"299","Raimel Tapia",3000,-0.887,0.625,-0.894,-0.895,0.618,-2.711,1.308,4.019,0.13,-0.081,0.011
"300","Tyler Wade",3000,-0.683,0.505,-0.691,-0.69,0.495,-2.434,1.112,3.547,0.13,0.095,0.009
"301","Gift Ngoepe",3000,-0.682,0.561,-0.691,-0.688,0.554,-2.309,1.347,3.656,0.13,0.076,0.01
"302","Christian Arroyo",3000,-0.721,0.558,-0.73,-0.728,0.555,-2.568,1.239,3.807,0.129,0.04,0.01
"303","Odubel Herrera",3000,0.522,1.173,0.486,0.506,1.183,-3.384,5.02,8.404,0.129,0.035,0.021
"304","Mikie Mahtook",3000,-0.132,0.908,-0.163,-0.141,0.913,-2.669,3.195,5.864,0.129,-0.135,0.017
"305","Jose Reyes",3000,0.088,0.927,0.09,0.077,0.925,-2.604,3.583,6.186,0.129,-0.004,0.017
"306","Chance Sisco",3000,0.654,0.83,0.65,0.644,0.843,-1.809,4.317,6.125,0.129,-0.005,0.015
"307","Boog Powell",3000,-0.565,0.603,-0.573,-0.573,0.599,-2.514,1.454,3.968,0.129,-0.018,0.011
"308","Phillip Evans",3000,-0.425,0.577,-0.447,-0.434,0.59,-2.492,1.604,4.096,0.129,-0.043,0.011
"309","Phil Gosselin",3000,-0.636,0.511,-0.638,-0.643,0.507,-2.506,1.376,3.882,0.129,0.166,0.009
"310","Yairo Munoz",3000,-0.333,0.681,-0.346,-0.34,0.678,-2.88,2.84,5.72,0.128,0.23,0.012
"311","Gregory Polanco",3000,-0.354,0.718,-0.374,-0.363,0.73,-2.674,2.168,4.841,0.128,-0.114,0.013
"312","Miguel Rojas",3000,-0.525,0.673,-0.524,-0.533,0.668,-2.882,1.874,4.756,0.128,0.041,0.012
"313","Jean Segura",3000,-0.475,0.819,-0.507,-0.485,0.838,-3.178,2.692,5.87,0.127,-0.109,0.015
"314","Brian Goodwin",3000,-0.119,0.781,-0.137,-0.127,0.76,-2.731,2.519,5.25,0.127,0.049,0.014
"315","Bradley Zimmer",3000,-1.026,0.743,-1.046,-1.035,0.746,-3.289,1.726,5.015,0.127,-0.099,0.014
"316","Josh Reddick",3000,0.481,0.967,0.472,0.472,0.968,-2.44,4.049,6.489,0.126,0.055,0.018
"317","David Freitas",3000,-0.662,0.502,-0.67,-0.668,0.496,-2.367,1.126,3.493,0.126,0.257,0.009
"318","Abraham Almonte",3000,-0.527,0.699,-0.539,-0.537,0.694,-2.723,2.219,4.942,0.126,-0.048,0.013
"319","Eric Haase",3000,-0.501,0.665,-0.517,-0.509,0.653,-2.602,1.917,4.519,0.126,0.099,0.012
"320","Ronald Acuna Jr.",3000,-0.406,0.65,-0.419,-0.414,0.653,-2.46,1.948,4.409,0.125,-0.055,0.012
"321","Jose Pirela",3000,-1.056,0.673,-1.062,-1.064,0.684,-3.744,1.441,5.185,0.125,0.002,0.012
"322","Jesus Aguilar",3000,-0.872,0.601,-0.882,-0.88,0.591,-3.08,1.465,4.545,0.124,0.031,0.011
"323","Gleyber Torres",3000,-0.431,0.674,-0.457,-0.438,0.66,-3.047,2.613,5.66,0.124,0.137,0.012
"324","Kurt Suzuki",3000,-0.586,0.848,-0.606,-0.596,0.833,-3.41,2.588,5.998,0.124,0.042,0.015
"325","Adam Engel",3000,-1.117,0.717,-1.136,-1.125,0.716,-3.273,1.765,5.038,0.124,-0.056,0.013
"326","Dexter Fowler",3000,0.975,1.038,0.962,0.962,1.033,-2.374,4.707,7.081,0.124,-0.056,0.019
"327","D.J. Stewart",3000,-0.415,0.674,-0.426,-0.423,0.69,-2.669,2.037,4.706,0.123,-0.078,0.012
"328","Tim Anderson",3000,-0.569,0.973,-0.599,-0.581,0.974,-3.976,2.76,6.736,0.123,0.049,0.018
"329","Matt den Dekker",3000,-0.654,0.568,-0.678,-0.66,0.575,-2.48,1.276,3.756,0.123,-0.133,0.01
"330","Juan Lagares",3000,-0.803,0.667,-0.808,-0.811,0.673,-3.083,1.738,4.821,0.122,0.027,0.012
"331","Andrew Stevenson",3000,-0.705,0.483,-0.709,-0.709,0.489,-2.063,1.321,3.384,0.122,-0.019,0.009
"332","Cameron Maybin",3000,-0.544,0.831,-0.559,-0.553,0.837,-3.362,3.184,6.545,0.122,-0.052,0.015
"333","Tommy La Stella",3000,0.235,0.814,0.212,0.225,0.794,-2.394,3.056,5.45,0.121,0.035,0.015
"334","Kevin Pillar",3000,-0.68,0.826,-0.687,-0.691,0.837,-3.408,2.405,5.813,0.121,-0.126,0.015
"335","Guillermo Heredia",3000,-0.779,0.753,-0.795,-0.787,0.735,-3.591,2.443,6.034,0.121,0.035,0.014
"336","Chase Utley",3000,-0.35,0.831,-0.364,-0.36,0.842,-3.066,2.971,6.037,0.12,0.021,0.015
"337","Eric Sogard",3000,-0.541,0.811,-0.556,-0.548,0.806,-3.06,2.438,5.499,0.12,0.01,0.015
"338","Michael Brantley",3000,-0.548,0.736,-0.559,-0.557,0.75,-2.887,2.169,5.056,0.119,-0.012,0.013
"339","Matt Holliday",3000,-1.183,0.898,-1.205,-1.193,0.916,-4.224,2.011,6.234,0.119,-0.114,0.016
"340","Alex Gordon",3000,-0.267,1.048,-0.301,-0.279,1.035,-3.691,3.493,7.184,0.119,0.051,0.019
"341","Billy Hamilton",3000,-1.096,0.96,-1.104,-1.109,0.961,-4.035,1.979,6.014,0.119,-0.142,0.018
"342","Noel Cuevas",3000,-0.798,0.662,-0.81,-0.805,0.635,-3.049,2.115,5.164,0.119,0.124,0.012
"343","Evan Gattis",3000,-0.077,0.861,-0.089,-0.088,0.865,-2.597,2.977,5.574,0.119,-0.002,0.016
"344","Pedro Florimon",3000,-0.719,0.598,-0.728,-0.726,0.586,-2.501,1.186,3.687,0.119,-0.072,0.011
"345","Jorge Bonifacio",3000,-0.517,0.862,-0.531,-0.529,0.853,-3.88,2.77,6.649,0.119,0.055,0.016
"346","Chris Iannetta",3000,-0.955,0.843,-0.959,-0.964,0.837,-3.551,2.002,5.553,0.119,-0.143,0.015
"347","Austin Dean",3000,-0.271,0.66,-0.277,-0.278,0.673,-2.578,2.226,4.804,0.119,-0.034,0.012
"348","Chris Shaw",3000,-0.3,0.681,-0.312,-0.308,0.688,-2.63,2.714,5.344,0.119,-0.013,0.012
"349","Jordan Luplow",3000,-0.636,0.592,-0.644,-0.643,0.587,-2.497,1.377,3.874,0.119,-0.089,0.011
"350","Keon Broxton",3000,-2.35,0.759,-2.375,-2.357,0.752,-4.809,0.207,5.016,0.119,-0.004,0.014
"351","David Peralta",3000,-0.058,0.896,-0.065,-0.07,0.875,-3.001,2.812,5.813,0.118,0.033,0.016
"352","Adam Jones",3000,0.975,1.2,0.944,0.961,1.206,-2.938,5.243,8.182,0.118,-0.072,0.022
"353","Jonathan Schoop",3000,6.276,1.687,6.228,6.26,1.66,-0.011,12.705,12.716,0.118,0.095,0.031
"354","Tyler Austin",3000,-0.495,0.638,-0.503,-0.501,0.643,-2.813,1.95,4.763,0.118,-0.012,0.012
"355","Martin Maldonado",3000,-1.655,0.897,-1.659,-1.663,0.865,-4.484,1.642,6.126,0.118,0.126,0.016
"356","Austin Jackson",3000,-0.419,0.829,-0.446,-0.428,0.816,-3.607,2.501,6.107,0.117,0.139,0.015
"357","Jett Bandy",3000,3.304,1.212,3.276,3.287,1.246,-0.848,7.538,8.386,0.117,-0.072,0.022
"358","Taylor Motter",3000,-0.81,0.688,-0.816,-0.816,0.684,-2.94,2.078,5.018,0.117,0.091,0.013
"359","Mitch Garver",3000,-0.642,0.547,-0.651,-0.649,0.538,-2.657,1.343,3.999,0.116,0.1,0.01
"360","Pablo Sandoval",3000,-1.488,0.587,-1.498,-1.493,0.58,-3.576,0.822,4.398,0.116,0.051,0.011
"361","Avisail Garcia",3000,0.727,1.118,0.707,0.714,1.126,-2.929,4.888,7.817,0.116,0.06,0.02
"362","Jackie Bradley Jr.",3000,1.02,1.12,0.99,1.007,1.139,-2.755,5.214,7.969,0.116,0.038,0.02
"363","Rafael Ortega",3000,-0.817,0.71,-0.824,-0.823,0.708,-3.127,1.973,5.101,0.116,0.051,0.013
"364","Max Stassi",3000,-0.62,0.628,-0.645,-0.626,0.638,-2.684,2.306,4.99,0.116,0.058,0.011
"365","Andrew Benintendi",3000,0.231,0.985,0.224,0.222,0.981,-2.713,3.97,6.683,0.115,0.051,0.018
"366","Jose Iglesias",3000,-0.828,0.851,-0.845,-0.835,0.827,-3.429,2.274,5.703,0.115,0.006,0.016
"367","Brandon Crawford",3000,-0.047,0.982,-0.085,-0.059,0.968,-3.033,3.336,6.369,0.115,-0.009,0.018
"368","Jurickson Profar",3000,-1.075,0.648,-1.083,-1.082,0.648,-2.953,1.405,4.358,0.115,-0.033,0.012
"369","Kolten Wong",3000,-0.207,0.906,-0.234,-0.213,0.894,-3.404,3.323,6.727,0.115,0.117,0.017
"370","Rene Rivera",3000,-0.909,0.696,-0.914,-0.917,0.717,-3.408,1.782,5.19,0.115,-0.039,0.013
"371","Miguel Cabrera",3000,1.252,1.071,1.236,1.239,1.061,-2.053,5.248,7.301,0.114,-0.032,0.02
"372","Clint Frazier",3000,-0.615,0.608,-0.633,-0.623,0.601,-2.507,1.334,3.841,0.114,-0.125,0.011
"373","Dwight Smith Jr.",3000,-0.493,0.577,-0.503,-0.5,0.579,-2.36,1.679,4.039,0.114,-0.02,0.011
"374","Ronald Guzman",3000,-0.594,0.662,-0.615,-0.601,0.649,-2.65,2.335,4.985,0.114,0.074,0.012
"375","Alex Blandino",3000,-0.391,0.676,-0.417,-0.4,0.665,-2.728,2.467,5.196,0.114,0.235,0.012
"376","Jeimer Candelario",3000,-0.713,0.617,-0.734,-0.721,0.615,-2.816,1.638,4.454,0.114,0.023,0.011
"377","Daniel Castro",3000,-1.172,0.577,-1.184,-1.178,0.565,-3.375,1.261,4.636,0.114,0.12,0.011
"378","Reese McGuire",3000,-0.423,0.658,-0.425,-0.428,0.651,-2.556,2.475,5.031,0.113,0.17,0.012
"379","Miguel Gomez",3000,-0.566,0.505,-0.576,-0.572,0.509,-2.084,1.2,3.284,0.113,-0.096,0.009
"380","Garrett Cooper",3000,-0.309,0.645,-0.314,-0.317,0.639,-2.529,1.886,4.414,0.113,-0.154,0.012
"381","Adolis Garcia",3000,-0.287,0.681,-0.283,-0.294,0.693,-2.422,2.744,5.165,0.113,0.021,0.012
"382","Richard Urena",3000,-0.626,0.547,-0.645,-0.634,0.536,-2.525,1.26,3.785,0.112,-0.075,0.01
"383","Eugenio Suarez",3000,0.268,1.082,0.231,0.257,1.054,-3.039,4.371,7.41,0.112,0.025,0.02
"384","Robbie Grossman",3000,-0.577,0.802,-0.602,-0.586,0.804,-3.904,2.945,6.849,0.112,0.12,0.015
"385","Yadier Molina",3000,-0.275,0.873,-0.284,-0.282,0.855,-3.009,3.639,6.648,0.112,0.131,0.016
"386","Yolmer Sanchez",3000,-0.51,1.084,-0.513,-0.524,1.077,-4.124,3.511,7.635,0.112,0.064,0.02
"387","Ichiro Suzuki",3000,-0.599,0.625,-0.605,-0.605,0.639,-2.455,1.863,4.319,0.112,-0.016,0.011
"388","Jose Altuve",3000,5.504,1.541,5.471,5.485,1.532,0.556,10.543,9.987,0.111,-0.108,0.028
"389","Whit Merrifield",3000,-0.1,1.037,-0.106,-0.111,1.028,-3.939,3.464,7.403,0.111,-0.054,0.019
"390","Paul Goldschmidt",3000,2.256,1.16,2.245,2.245,1.165,-1.498,6.378,7.875,0.111,-0.034,0.021
"391","Albert Almora Jr.",3000,-0.438,0.784,-0.462,-0.446,0.804,-2.873,2.484,5.357,0.111,-0.066,0.014
"392","Dixon Machado",3000,-0.885,0.604,-0.893,-0.892,0.615,-2.805,1.346,4.151,0.111,-0.102,0.011
"393","Jason Castro",3000,-0.773,0.819,-0.788,-0.781,0.816,-3.308,2.184,5.493,0.111,0.003,0.015
"394","Ryan Cordell",3000,-0.33,0.677,-0.337,-0.338,0.669,-2.385,2.035,4.42,0.111,-0.016,0.012
"395","Trea Turner",3000,0.076,0.96,0.044,0.066,0.959,-3.064,3.442,6.506,0.11,-0.089,0.018
"396","Manuel Margot",3000,-0.727,0.746,-0.742,-0.735,0.764,-3.051,1.961,5.012,0.11,-0.04,0.014
"397","Spencer Kieboom",3000,0.491,0.8,0.496,0.486,0.789,-1.817,3.85,5.667,0.11,-0.071,0.015
"398","Wilmer Difo",3000,-0.576,0.757,-0.585,-0.583,0.741,-3.357,2.005,5.363,0.11,0.042,0.014
"399","Juan Soto",3000,-0.435,0.684,-0.453,-0.442,0.685,-2.528,2.09,4.618,0.109,-0.133,0.012
"400","Brock Holt",3000,-0.876,0.677,-0.883,-0.883,0.692,-3.029,2.258,5.287,0.109,-0.133,0.012
"401","Kevin Kiermaier",3000,-0.249,0.902,-0.276,-0.258,0.881,-3.376,3.492,6.867,0.109,0.121,0.016
"402","Bobby Wilson",3000,-1.193,0.678,-1.211,-1.199,0.678,-3.477,1.361,4.838,0.109,0.089,0.012
"403","Edwin Encarnacion",3000,3.694,1.296,3.66,3.681,1.256,-0.579,8.033,8.613,0.108,0.011,0.024
"404","Lonnie Chisenhall",3000,-0.627,0.737,-0.648,-0.635,0.72,-3.209,2.069,5.279,0.107,0.148,0.013
"405","Erik Gonzalez",3000,-0.86,0.64,-0.863,-0.864,0.642,-2.79,1.759,4.549,0.107,0.089,0.012
"406","Jose Briceno",3000,-0.324,0.658,-0.341,-0.33,0.65,-2.315,1.953,4.268,0.107,-0.034,0.012
"407","Max Kepler",3000,-1.068,0.821,-1.075,-1.075,0.808,-4.017,2.121,6.138,0.107,0.179,0.015
"408","Christian Vazquez",3000,-1.002,0.67,-1.019,-1.009,0.68,-3.21,1.553,4.762,0.107,-0.004,0.012
"409","Chris Young",3000,0.254,0.835,0.21,0.246,0.849,-2.472,3.156,5.628,0.107,-0.101,0.015
"410","Aramis Garcia",3000,-0.299,0.668,-0.304,-0.305,0.669,-2.609,2.127,4.736,0.106,-0.023,0.012
"411","Cesar Hernandez",3000,1.137,1.235,1.095,1.125,1.219,-2.747,6.449,9.196,0.106,0.025,0.023
"412","Hunter Pence",3000,-0.192,0.925,-0.194,-0.203,0.963,-3.063,3.116,6.179,0.106,-0.194,0.017
"413","Kyle Seager",3000,4.831,1.487,4.813,4.819,1.486,-0.15,11.05,11.2,0.106,0.226,0.027
"414","Brian McCann",3000,1.234,1.138,1.231,1.221,1.119,-2.564,5.452,8.016,0.106,0.06,0.021
"415","Jon Jay",3000,-0.898,0.879,-0.913,-0.911,0.89,-3.849,2.4,6.248,0.105,0.019,0.016
"416","Ehire Adrianza",3000,-0.853,0.727,-0.866,-0.86,0.721,-3.212,1.786,4.998,0.105,0.114,0.013
"417","Rhys Hoskins",3000,0.252,0.811,0.241,0.246,0.819,-2.064,3.538,5.602,0.105,-0.145,0.015
"418","Hunter Dozier",3000,-0.693,0.559,-0.692,-0.698,0.56,-2.634,1.424,4.058,0.105,0.134,0.01
"419","Greg Bird",3000,-0.128,0.748,-0.155,-0.135,0.749,-3.041,3.176,6.217,0.105,0.12,0.014
"420","Yangervis Solarte",3000,-0.021,0.893,-0.05,-0.031,0.881,-3.222,3.285,6.507,0.104,0.046,0.016
"421","Ildemaro Vargas",3000,-0.693,0.512,-0.705,-0.697,0.522,-2.515,1.194,3.709,0.104,0.052,0.009
"422","Adrian Beltre",3000,-0.001,0.847,-0.025,-0.01,0.858,-2.654,2.766,5.42,0.103,-0.172,0.015
"423","Jose Abreu",3000,3.929,1.457,3.898,3.918,1.422,-1.696,9.874,11.57,0.103,0.232,0.027
"424","Harrison Bader",3000,-0.582,0.671,-0.584,-0.589,0.682,-2.72,1.747,4.468,0.103,-0.057,0.012
"425","Francisco Cervelli",3000,-0.505,0.787,-0.508,-0.514,0.77,-3.398,2.273,5.671,0.103,0.206,0.014
"426","Ben Zobrist",3000,0.529,0.983,0.514,0.519,0.972,-2.549,3.985,6.534,0.102,0.049,0.018
"427","Nick Markakis",3000,-0.61,0.886,-0.638,-0.618,0.877,-3.538,2.88,6.418,0.102,0.036,0.016
"428","Alen Hanson",3000,-0.881,0.631,-0.882,-0.887,0.626,-3.002,1.463,4.464,0.101,0.005,0.012
"429","Rafael Devers",3000,-0.545,0.774,-0.547,-0.553,0.786,-2.751,2.25,5.001,0.101,-0.097,0.014
"430","Rosell Herrera",3000,-0.4,0.676,-0.402,-0.408,0.689,-2.807,2.201,5.008,0.101,-0.001,0.012
"431","Neil Walker",3000,0.596,0.986,0.569,0.589,1.002,-3.017,4.267,7.284,0.101,-0.046,0.018
"432","Matt Olson",3000,-0.426,0.719,-0.437,-0.434,0.725,-2.77,1.994,4.763,0.1,-0.027,0.013
"433","Matt Adams",3000,0.235,0.905,0.228,0.224,0.923,-3.009,3.311,6.321,0.1,-0.103,0.017
"434","Kyle Schwarber",3000,0.331,0.965,0.303,0.323,0.941,-2.944,3.573,6.517,0.1,0.09,0.018
"435","Kevin Newman",3000,-0.306,0.669,-0.333,-0.314,0.677,-2.426,2.014,4.44,0.1,-0.085,0.012
"436","Ramon Torres",3000,-0.624,0.542,-0.633,-0.63,0.539,-2.758,1.264,4.022,0.1,-0.003,0.01
"437","Lourdes Gurriel Jr.",3000,-0.397,0.676,-0.416,-0.403,0.674,-2.641,2.115,4.756,0.099,0.024,0.012
"438","Marcus Semien",3000,-0.626,0.813,-0.635,-0.635,0.81,-3.149,2.16,5.309,0.099,-0.084,0.015
"439","Curtis Granderson",3000,0.685,0.984,0.675,0.678,0.986,-2.329,5.071,7.4,0.098,0.013,0.018
"440","Dominic Smith",3000,-0.578,0.641,-0.582,-0.584,0.654,-2.819,1.755,4.575,0.098,-0.071,0.012
"441","Aaron Hicks",3000,0.156,0.989,0.152,0.146,1.004,-3.28,4.195,7.475,0.097,0.054,0.018
"442","Matt Joyce",3000,1.537,1.161,1.508,1.527,1.203,-2.106,6.415,8.522,0.097,-0.172,0.021
"443","Andrew Toles",3000,-0.219,0.713,-0.222,-0.225,0.73,-2.717,2.645,5.362,0.096,-0.132,0.013
"444","Dansby Swanson",3000,-0.651,0.706,-0.682,-0.657,0.709,-2.988,1.936,4.924,0.095,0.054,0.013
"445","Asdrubal Cabrera",3000,0.448,1.032,0.457,0.441,1.011,-3.608,4.965,8.573,0.094,0.183,0.019
"446","Jace Peterson",3000,-0.685,0.696,-0.693,-0.691,0.713,-2.898,2.311,5.209,0.094,-0.086,0.013
"447","Aaron Altherr",3000,-0.169,0.915,-0.18,-0.175,0.9,-3.244,3.07,6.314,0.093,0.036,0.017
"448","Corey Seager",3000,3.157,1.213,3.145,3.145,1.239,-1.098,7.98,9.079,0.092,-0.132,0.022
"449","Wilmer Flores",3000,-0.135,0.78,-0.129,-0.142,0.777,-2.598,2.799,5.398,0.091,0.041,0.014
"450","Sandy Leon",3000,-1.009,0.753,-1.024,-1.018,0.748,-3.654,1.561,5.215,0.091,0.033,0.014
"451","Jose Martinez",3000,0.4,0.757,0.389,0.394,0.744,-2.029,3.368,5.397,0.09,0.029,0.014
"452","Mallex Smith",3000,-0.768,0.718,-0.775,-0.775,0.709,-3.142,1.967,5.109,0.09,0.023,0.013
"453","Scott Schebler",3000,1.006,1.107,1.011,0.997,1.103,-2.284,5.268,7.552,0.09,-0.066,0.02
"454","Joe Panik",3000,0.371,1.032,0.355,0.365,1.054,-2.841,4.208,7.049,0.09,-0.098,0.019
"455","Travis Shaw",3000,0.906,1.045,0.899,0.898,1.055,-2.127,5.299,7.426,0.09,0.02,0.019
"456","Matt Wieters",3000,-0.623,0.831,-0.648,-0.632,0.848,-3.848,2.034,5.882,0.09,-0.133,0.015
"457","Adrian Gonzalez",3000,-0.275,0.793,-0.275,-0.284,0.813,-2.89,2.785,5.675,0.09,-0.048,0.014
"458","Willie Calhoun",3000,-0.808,0.64,-0.814,-0.811,0.646,-2.938,1.961,4.899,0.09,0.007,0.012
"459","Logan Morrison",3000,0.749,1.036,0.732,0.742,1.003,-2.291,4.351,6.642,0.09,0.043,0.019
"460","Garrett Hampson",3000,-0.78,0.659,-0.779,-0.784,0.661,-2.941,1.805,4.746,0.089,0.041,0.012
"461","Tim Federowicz",3000,-0.516,0.597,-0.519,-0.519,0.608,-2.447,1.79,4.238,0.089,0.048,0.011
"462","Chris Gimenez",3000,-0.766,0.717,-0.768,-0.772,0.726,-3.029,1.706,4.735,0.089,-0.017,0.013
"463","Didi Gregorius",3000,-0.333,0.949,-0.36,-0.345,0.963,-3.643,2.613,6.256,0.088,-0.118,0.017
"464","Andrew McCutchen",3000,1.238,1.039,1.24,1.232,1.024,-2.027,5.672,7.699,0.088,0.078,0.019
"465","Marwin Gonzalez",3000,3.176,1.371,3.129,3.165,1.381,-1.499,8.476,9.976,0.088,0.083,0.025
"466","Chris Herrmann",3000,-0.5,0.682,-0.521,-0.506,0.647,-3.006,1.753,4.759,0.088,0.007,0.012
"467","Francisco Pena",3000,0.76,0.949,0.765,0.755,0.946,-2.459,4.363,6.821,0.088,0.119,0.017
"468","Pedro Severino",3000,-0.424,0.573,-0.441,-0.428,0.588,-2.208,1.776,3.984,0.088,-0.091,0.01
"469","Adam Eaton",3000,-0.466,0.786,-0.482,-0.471,0.756,-3.29,2.737,6.026,0.087,0.15,0.014
"470","Nolan Arenado",3000,3.063,1.334,3.064,3.054,1.325,-1.347,7.915,9.262,0.087,0.096,0.024
"471","Matt Carpenter",3000,3.694,1.299,3.694,3.682,1.322,-1.238,8.741,9.979,0.087,0.036,0.024
"472","Chris Owings",3000,-0.814,0.775,-0.834,-0.818,0.772,-3.366,2.81,6.176,0.087,0.134,0.014
"473","Dylan Cozens",3000,-0.349,0.661,-0.367,-0.354,0.674,-2.623,2.201,4.824,0.087,0.032,0.012
"474","Maikel Franco",3000,0.146,0.979,0.134,0.136,0.983,-3.42,3.737,7.157,0.086,0.093,0.018
"475","Josh Harrison",3000,-0.427,0.97,-0.448,-0.436,0.976,-3.995,2.694,6.688,0.086,-0.197,0.018
"476","Isaac Galloway",3000,-0.258,0.668,-0.275,-0.265,0.656,-2.617,2.294,4.91,0.086,0.024,0.012
"477","Miguel Sano",3000,3.597,1.289,3.578,3.587,1.278,-0.654,7.922,8.576,0.086,-0.062,0.024
"478","Gary Sanchez",3000,0.554,1.026,0.535,0.544,1.045,-2.478,4.184,6.662,0.086,-0.158,0.019
"479","A.J. Ellis",3000,-1.047,0.676,-1.06,-1.055,0.668,-3.603,1.195,4.798,0.085,0.06,0.012
"480","Jonathan Villar",3000,-0.199,0.972,-0.235,-0.206,0.938,-3.614,3.561,7.175,0.085,0.113,0.018
"481","Adam Moore",3000,-1.102,0.481,-1.107,-1.106,0.497,-2.667,0.6,3.267,0.085,-0.039,0.009
"482","Jorge Polanco",3000,1.522,1.23,1.54,1.514,1.22,-2.914,7.022,9.936,0.084,0.081,0.022
"483","Alex Bregman",3000,0.797,1.083,0.79,0.788,1.096,-2.431,4.513,6.944,0.083,-0.086,0.02
"484","Chad Pinder",3000,-0.738,0.761,-0.754,-0.744,0.765,-3.185,2.029,5.214,0.083,0.014,0.014
"485","Nick Williams",3000,-0.324,0.832,-0.35,-0.329,0.828,-2.893,2.525,5.418,0.083,-0.058,0.015
"486","Ronny Rodriguez",3000,-0.42,0.664,-0.445,-0.425,0.655,-2.527,1.763,4.29,0.083,-0.064,0.012
"487","Matt Kemp",3000,0.019,0.88,0.017,0.013,0.913,-2.882,3.012,5.894,0.082,-0.072,0.016
"488","Jake Cave",3000,-0.435,0.657,-0.444,-0.44,0.659,-2.629,2.399,5.028,0.082,0.078,0.012
"489","Tyler Naquin",3000,-0.676,0.601,-0.679,-0.681,0.6,-2.746,1.416,4.162,0.082,-0.066,0.011
"490","Addison Russell",3000,-0.557,0.854,-0.561,-0.561,0.83,-3.67,2.947,6.618,0.082,0.222,0.016
"491","Tyler Saladino",3000,-0.814,0.63,-0.835,-0.818,0.646,-2.797,1.607,4.404,0.082,-0.101,0.011
"492","Kole Calhoun",3000,1.302,1.134,1.303,1.294,1.128,-3.281,6.203,9.484,0.082,0.083,0.021
"493","Josh Donaldson",3000,3.47,1.223,3.452,3.461,1.21,-0.498,7.902,8.4,0.081,-0.043,0.022
"494","Evan Longoria",3000,1.576,1.157,1.547,1.568,1.134,-2.392,6.066,8.459,0.081,0.018,0.021
"495","Salvador Perez",3000,0.019,0.984,0.028,0.012,0.972,-3.336,4.009,7.345,0.081,0.083,0.018
"496","Jake Lamb",3000,1.027,1.049,1.02,1.017,1.072,-2.208,4.798,7.006,0.081,-0.153,0.019
"497","Ketel Marte",3000,-0.521,0.778,-0.523,-0.527,0.788,-3.613,2.089,5.701,0.08,-0.067,0.014
"498","Jonathan Lucroy",3000,-0.404,0.814,-0.424,-0.405,0.818,-3.331,3.352,6.683,0.08,0.126,0.015
"499","Robinson Chirinos",3000,-0.342,0.924,-0.351,-0.35,0.928,-3.704,3.024,6.728,0.08,0.043,0.017
"500","Stephen Piscotty",3000,0.243,0.996,0.237,0.237,1.047,-2.881,3.709,6.589,0.079,-0.121,0.018
"501","Nick Ciuffo",3000,-0.342,0.665,-0.354,-0.347,0.647,-2.398,2.178,4.576,0.079,0.054,0.012
"502","Mike Zunino",3000,0.149,0.952,0.122,0.142,0.977,-2.76,4.31,7.07,0.078,-0.072,0.017
"503","Jake Marisnick",3000,-0.769,0.803,-0.788,-0.774,0.804,-3.983,2.091,6.075,0.077,0.112,0.015
"504","Derek Dietrich",3000,1.014,1.095,0.986,1.004,1.059,-3.77,4.931,8.701,0.076,0.175,0.02
"505","Steven Duggar",3000,-0.313,0.673,-0.327,-0.316,0.661,-2.443,2.027,4.47,0.076,-0.02,0.012
"506","Cory Spangenberg",3000,-0.483,0.913,-0.487,-0.49,0.919,-3.848,2.726,6.574,0.076,-0.048,0.017
"507","Gorkys Hernandez",3000,-1.129,0.543,-1.144,-1.133,0.536,-2.849,0.718,3.567,0.076,0.034,0.01
"508","Nelson Cruz",3000,5.587,1.426,5.552,5.576,1.499,0.69,10.776,10.086,0.075,-0.192,0.026
"509","Jay Bruce",3000,2.376,1.198,2.374,2.364,1.187,-1.712,6.608,8.32,0.075,0.045,0.022
"510","Steve Wilkerson",3000,-0.391,0.664,-0.396,-0.395,0.661,-2.576,2.034,4.61,0.075,0.013,0.012
"511","Colby Rasmus",3000,0.322,0.854,0.314,0.315,0.888,-2.665,4.012,6.678,0.075,-0.031,0.016
"512","Manny Machado",3000,2.261,1.25,2.249,2.252,1.272,-2.355,6.572,8.926,0.072,-0.06,0.023
"513","Mark Trumbo",3000,0.343,1.049,0.326,0.335,1.033,-2.973,3.845,6.818,0.072,0.027,0.019
"514","Luis Valbuena",3000,0.357,0.935,0.337,0.349,0.943,-3.141,3.5,6.641,0.071,-0.042,0.017
"515","Daniel Murphy",3000,1.655,1.049,1.658,1.649,1.048,-1.475,5.473,6.948,0.07,-0.119,0.019
"516","Carlos Gonzalez",3000,-0.402,1.031,-0.425,-0.411,1.018,-4.209,3.437,7.646,0.07,0.093,0.019
"517","Tyler White",3000,-0.343,0.704,-0.358,-0.346,0.694,-2.647,2.101,4.749,0.07,-0.034,0.013
"518","Rajai Davis",3000,-0.744,0.701,-0.756,-0.748,0.712,-3.101,1.931,5.032,0.07,0.011,0.013
"519","Jefry Marte",3000,-0.6,0.755,-0.615,-0.605,0.728,-3.572,2.232,5.804,0.07,0.162,0.014
"520","David Freese",3000,-0.514,0.973,-0.509,-0.519,0.961,-3.586,3.458,7.044,0.069,-0.016,0.018
"521","Francisco Lindor",3000,2.257,1.421,2.24,2.249,1.423,-2.191,7.005,9.196,0.069,-0.048,0.026
"522","Welington Castillo",3000,0.095,0.936,0.087,0.089,0.934,-2.697,3.692,6.389,0.069,-0.02,0.017
"523","Cheslor Cuthbert",3000,-0.699,0.657,-0.708,-0.7,0.656,-2.719,1.761,4.48,0.068,0.021,0.012
"524","Giancarlo Stanton",3000,4.88,1.417,4.847,4.869,1.413,0.035,9.671,9.636,0.067,0.033,0.026
"525","Charlie Blackmon",3000,1.925,1.291,1.897,1.919,1.286,-2.791,6.871,9.661,0.066,0.087,0.024
"526","David Dahl",3000,-1.076,0.901,-1.104,-1.082,0.905,-4.202,1.698,5.899,0.066,-0.078,0.016
"527","Jed Lowrie",3000,-0.332,0.863,-0.356,-0.338,0.893,-3.241,3.127,6.368,0.066,-0.16,0.016
"528","Javier Baez",3000,-0.163,0.928,-0.195,-0.17,0.925,-3.434,3.263,6.698,0.065,0.073,0.017
"529","Rougned Odor",3000,-0.187,1.16,-0.214,-0.196,1.14,-4.758,3.688,8.446,0.065,-0.067,0.021
"530","Michael A. Taylor",3000,-0.663,0.903,-0.654,-0.669,0.904,-3.438,2.525,5.963,0.065,-0.115,0.016
"531","Xander Bogaerts",3000,-0.46,0.935,-0.473,-0.465,0.934,-4.171,2.837,7.008,0.063,-0.035,0.017
"532","Jedd Gyorko",3000,0.396,0.991,0.383,0.391,0.973,-2.918,3.612,6.53,0.063,-0.015,0.018
"533","Curt Casali",3000,0.257,0.847,0.24,0.251,0.838,-3.013,3.002,6.015,0.061,-0.002,0.015
"534","Wil Myers",3000,0.897,1.076,0.892,0.89,1.089,-2.547,4.753,7.301,0.061,-0.094,0.02
"535","Mitch Moreland",3000,0.297,1.089,0.273,0.29,1.11,-4.02,4.186,8.206,0.061,0.083,0.02
"536","Michael Conforto",3000,2.557,1.192,2.537,2.549,1.162,-1.107,6.519,7.626,0.061,-0.022,0.022
"537","Pedro Alvarez",3000,0.84,0.942,0.858,0.835,0.961,-2.109,4.2,6.31,0.061,-0.172,0.017
"538","Buster Posey",3000,0.708,0.933,0.673,0.701,0.915,-2.819,4.013,6.831,0.06,0.157,0.017
"539","Shin-Soo Choo",3000,0.562,1.2,0.544,0.554,1.212,-3.581,4.456,8.037,0.06,0,0.022
"540","Yuli Gurriel",3000,-0.203,0.858,-0.215,-0.206,0.854,-3.195,3.162,6.357,0.056,0.127,0.016
"541","Hanley Ramirez",3000,-0.411,0.847,-0.409,-0.416,0.845,-3.34,2.677,6.016,0.055,0.016,0.015
"542","Jim Adduci",3000,-0.622,0.638,-0.626,-0.624,0.63,-2.709,1.973,4.682,0.053,0.023,0.012
"543","George Springer",3000,2.166,1.203,2.153,2.16,1.181,-2.53,6.21,8.74,0.052,0.029,0.022
"544","Carlos Correa",3000,0.998,0.977,1.005,0.993,0.971,-2.375,4.903,7.278,0.051,0.072,0.018
"545","Ryon Healy",3000,0.421,0.993,0.429,0.415,1.015,-2.754,3.556,6.31,0.051,-0.101,0.018
"546","Leonys Martin",3000,-1.067,0.669,-1.091,-1.071,0.677,-3.413,1.179,4.593,0.05,-0.095,0.012
"547","Pat Valaika",3000,-1.017,0.697,-1.022,-1.021,0.682,-3.288,1.328,4.617,0.05,0.063,0.013
"548","Josh Bell",3000,0.692,0.994,0.667,0.689,0.999,-2.667,4.291,6.958,0.049,-0.062,0.018
"549","Ryan Goins",3000,-1.364,0.86,-1.376,-1.369,0.837,-4.468,2.025,6.493,0.049,0.023,0.016
"550","James McCann",3000,-0.701,0.924,-0.679,-0.707,0.936,-3.924,2.671,6.595,0.047,-0.054,0.017
"551","Starlin Castro",3000,-0.212,0.853,-0.212,-0.214,0.856,-3.226,3.205,6.43,0.046,0.002,0.016
"552","DJ LeMahieu",3000,-0.731,0.993,-0.73,-0.736,0.994,-4.061,2.736,6.797,0.046,-0.046,0.018
"553","Greg Garcia",3000,-0.561,0.826,-0.564,-0.564,0.801,-3.408,2.643,6.051,0.045,0.025,0.015
"554","Christian Villanueva",3000,-0.217,0.649,-0.221,-0.222,0.66,-2.292,1.949,4.242,0.044,-0.068,0.012
"555","Tim Beckham",3000,0.218,1.068,0.195,0.212,1.082,-4.157,4.453,8.61,0.042,0.034,0.02
"556","Russell Martin",3000,-0.359,0.955,-0.375,-0.363,0.967,-3.89,2.686,6.576,0.042,-0.106,0.017
"557","Jeff McNeil",3000,-0.22,0.667,-0.24,-0.222,0.659,-2.662,1.932,4.594,0.04,0.048,0.012
"558","Victor Martinez",3000,1.136,1.176,1.117,1.128,1.189,-2.905,5.075,7.981,0.038,-0.095,0.021
"559","Amed Rosario",3000,-0.616,0.604,-0.623,-0.617,0.602,-2.678,1.746,4.425,0.036,0.11,0.011
"560","Robinson Cano",3000,1.149,1.086,1.132,1.143,1.075,-2.724,5.005,7.729,0.035,0.013,0.02
"561","Sean Rodriguez",3000,-0.466,0.745,-0.46,-0.468,0.746,-3.333,2.182,5.515,0.033,0.078,0.014
"562","Joc Pederson",3000,0.771,1.002,0.774,0.765,1.025,-3.053,3.973,7.026,0.032,-0.112,0.018
"563","Jordy Mercer",3000,-0.811,0.806,-0.804,-0.813,0.807,-3.298,1.846,5.144,0.031,-0.06,0.015
"564","Anthony Rendon",3000,0.986,1.075,0.985,0.983,1.084,-2.667,4.882,7.549,0.029,-0.04,0.02
"565","Lorenzo Cain",3000,-0.081,0.902,-0.057,-0.082,0.902,-3.055,3.183,6.238,0.029,0.024,0.016
"566","Willson Contreras",3000,0.542,1.001,0.552,0.539,1.005,-2.614,3.521,6.135,0.028,-0.1,0.018
"567","Mark Reynolds",3000,0.302,0.993,0.313,0.297,0.993,-3.306,3.672,6.978,0.026,-0.014,0.018
"568","Manny Pina",3000,-0.667,0.753,-0.663,-0.667,0.745,-3.798,2.514,6.312,0.017,0.143,0.014
"569","Gerardo Parra",3000,-1.15,0.925,-1.146,-1.152,0.915,-4.04,2.038,6.079,0.016,-0.02,0.017
"570","Carlos Santana",3000,4.527,1.405,4.537,4.526,1.389,-0.036,9.135,9.171,0.015,-0.006,0.026
"571","Brandon Belt",3000,1.446,1.036,1.439,1.445,1.009,-2.076,5.235,7.311,0.01,-0.004,0.019
"572","Jose Ramirez",3000,0.975,1.08,0.978,0.973,1.113,-3.135,5.308,8.443,0.009,-0.014,0.02
"573","Brandon Drury",3000,-0.475,0.822,-0.467,-0.475,0.837,-3.452,2.285,5.738,0.005,-0.059,0.015
"574","Kris Bryant",3000,6.703,1.556,6.698,6.702,1.56,1.692,12.381,10.689,0.003,-0.078,0.028
"575","Kendrys Morales",3000,2.477,1.243,2.453,2.476,1.233,-1.79,6.551,8.341,0.003,-0.059,0.023
"576","Jose Bautista",3000,2.136,1.214,2.135,2.137,1.211,-2.074,7.307,9.381,0.001,0.017,0.022
"577","Ian Kinsler",3000,0.117,0.937,0.127,0.118,0.94,-3.059,3.573,6.632,-0.018,-0.01,0.017
